user_id,penalty,points,rank
............................,77168,100,1318
...levi...,16312,75,2165
.ahuja,35170,75,2441
.dP.,49455,100,705
.sigsegv,41945,100,575
00dnvtmf,21205,100,244
01110111,88426,80,2017
0210804,43873,100,616
0rang3,49342,75,2707
0x42,49529,75,2715
0xrgb,56750,80,1893
1.jatekos,26842,75,2315
131131yhx,40551,100,550
15joeybloom,21396,80,1805
178855371157,18437,100,216
1NCID3R,24286,100,285
1ed,55682,100,831
2007,49403,75,2712
2011aad,54351,80,1884
2jjy,18324,75,2186
2rf,30931,100,381
314eter,59380,100,903
317070,56601,80,1892
3190m,33711,75,2418
357,51367,100,742
4yn,27587,75,2328
7HM,58739,75,2951
8163264128,97360,100,1704
ACErupt,94938,100,1646
ACMonster,12810,75,2130
AISarkin,3892,75,2071
AJ721,81562,100,1407
AKim,42561,100,589
AMartin,92429,80,2037
ARechitsky,35986,100,466
ASotelo,12384,100,118
AadithyaMD,74022,100,1255
Abgnegplt,33885,100,428
AcrossTheSky,66855,100,1095
Acson,97310,100,1702
Adac,60172,75,2993
Adensur,55945,100,837
Adipt,51851,100,751
AdityaM93,50994,80,1874
Adrian.Orzepowski,75801,80,1966
Aemon,16394,100,185
Aerodonkey,59366,75,2972
Agu1729,29157,100,352
Ahbong,26665,100,311
AhmadMamdouh,73794,100,1245
Ahyangyi,17923,100,212
Aki,60862,75,3015
Aksenov239,3430,75,2070
Akshaya,47400,100,670
Al.Cash,75117,100,1278
AlSaeed,49989,100,716
Alan.Chang,49396,100,703
Alarak,50006,75,2731
Alastair,72845,100,1220
Alcarinquo,72153,100,1208
AleksanderDowbnia,61223,100,945
Alex.Baranau,39986,100,535
AlexAlvarez,69176,100,1140
AlexDinaro,53726,100,791
AlexFetisov,28505,75,2339
AlexProk,58798,75,2954
AlexSM,84762,100,1473
AlexSand,50796,80,1872
AlexVistyazh,51736,100,749
Alexander86,93810,100,1635
AlexandruValeanu,48139,75,2678
Alexiski,35424,100,449
Alinfty,51956,75,2777
Alkemir,26090,100,304
Allanur,48713,75,2697
Alon,78913,100,1359
Alphayet,36455,75,2463
AlvinWong,19147,100,226
Amaury.Lili,85608,100,1491
Ambling,42587,80,1845
Amir192,51329,75,2760
AmrMahmoud,48314,100,682
Amzaz,61130,100,942
Anand.C.Pisal,68349,80,1936
Anaros,62647,100,981
AndersTornkvist,39261,75,2511
AndreySergunin,82365,100,1433
Andy.Li,58167,75,2934
AndyBloch,24268,100,284
AngelicosPhosphoros,87141,100,1513
Angor,69196,100,1142
AngryBacon,13615,100,142
Anikushin,57782,75,2922
Anjupiter,21219,100,245
AnonymousBunny,43981,75,2603
AntalViktor,77399,100,1323
AntiForest,4126,100,14
Anton.Karmanov,9228,100,75
Anton.Lunyov,46419,100,657
Anupam14,89890,100,1564
Anyrainel,89747,100,1561
Aopanis,93406,100,1626
Aowi,71814,100,1195
Arcey,27289,75,2323
Arcturus,57389,100,867
Ardem,18086,80,1798
Ariza,26034,100,303
Armia,49988,100,715
Arti1990,82304,100,1430
Arup,6282,75,2079
Asafh,81211,100,1401
Astrae,37292,80,1835
Atile,36857,75,2470
Auenwald,61991,100,963
AugustusLi,30038,100,368
Aurel,24506,80,1811
Auster,80575,100,1388
Aweather,66505,100,1084
AxiomOfChoice,78496,80,1980
Azrathud,22714,75,2244
BIT.lx,22655,75,2242
BSBandme,12967,100,127
BUAA.Thor,28081,75,2334
Backspe,45952,100,650
Balajiganapathi,59916,100,917
Bano,76261,80,1969
BarNar5,13773,75,2139
Bartekb,72666,100,1217
Batterytime,16777,100,191
BaturaDima,87397,100,1516
Bayesian,95884,100,1670
Beardhat,32392,75,2391
Bekmyrat,49677,75,2723
BelaRacz,92814,100,1613
Benbot,90525,80,2028
BennyCarina,34365,100,433
BigDuck,39632,75,2517
Bigmac,73859,100,1249
Billy13,52427,75,2791
Biylda,50493,75,2740
Bj0rnen,92959,100,1615
Blakman,85220,100,1481
BlazWin,38296,75,2494
Bloodnaix,82069,100,1425
Blue.Bear,25045,100,294
Blue.Mary,17042,100,195
BlueFish,78418,100,1344
Bnick,34950,100,442
Bobik,21764,100,252
Boping,41413,85,1755
Borisp,32857,75,2400
Bossle,5354,100,27
Bosz,50684,75,2745
Bradrin,19274,80,1802
BrainSteel,67798,80,1932
Breakun,8702,80,1779
Bremsstrahlung,70368,80,1945
Brian,76819,100,1311
Brian.P,54560,100,805
Brryce,46932,75,2648
BrunoVCosta,26927,75,2318
BryceSandlund,15070,75,2154
Bubris,87034,80,2009
BudAlNik,73717,100,1241
Bugloon,71832,100,1196
Burney,26959,90,1727
Burunduk1,83361,100,1450
C.SUNSHINE,49508,100,708
CGHo,52693,100,766
CHelle,52822,100,769
CJJ,48368,75,2684
CMTM4,54743,75,2841
CPCPC,42002,75,2571
CPone,29825,100,361
Callum,19864,75,2204
CameronAavik,40375,100,547
CapitalA,49584,75,2718
Capp,35136,75,2439
Carbon.Brother,26660,92,1716
Carlitos,53680,75,2820
CarpathianCoder,85481,100,1489
CarrDelling,62725,100,984
Cata,53749,75,2823
Caust1c,89664,80,2021
Celeritous,35808,100,459
Celicath,11428,100,100
Cenadar,46261,80,1854
Cerezo,76452,100,1300
Ceronsantiago,26120,75,2297
ChCat,56421,75,2891
Changjinglu,30682,100,377
CharlesBradshaw,38968,100,517
Charming.Chen,60147,75,2992
Cherish,63324,100,995
Chiaki.Hoshinomori,34082,100,431
ChienYu,15410,100,175
Chiffre,92907,100,1614
Chip.Whaley,84297,100,1462
Chomtana,42024,75,2572
ChouUn,32857,100,411
ChrisViking,22983,75,2249
CiZei,86268,100,1500
CianLR,9564,75,2104
Cifko,59138,75,2963
Cire,13262,100,134
Clarissa,60723,100,936
CodeG,24817,75,2279
CodeGreg,49350,75,2710
CoderPat,69326,100,1147
Coin,41956,75,2570
CommendableFennel,26928,100,317
Comto,36730,75,2468
Corea,62481,100,977
Crassirostris,44512,100,627
CrazyMinistr,56067,75,2874
CristianZ,56230,75,2880
Cruiser,56373,75,2887
Cthaeghya,27279,100,328
CurlyMo,90899,100,1585
Curs0r,48651,100,690
CuteCube,20598,100,240
CyberZHG,22419,75,2238
Cypi,74440,100,1262
D3zmodos,47202,75,2651
DAMF,48523,100,686
DATASOURCE,36958,75,2472
DAle,7116,75,2085
DBZX,75412,100,1282
DEGwer,39769,100,533
DNNX,64845,100,1038
DUPI,11742,75,2117
DYC,33290,75,2407
DaniJVaz,51268,75,2758
Danielpp,61533,100,952
Daniil.T.,59129,100,901
Dankaati,66013,100,1067
Darcy,76019,100,1292
Dariost,7662,75,2088
DarkKnight.,50182,100,720
Darkgeass,77999,100,1332
Darrin370,22504,75,2241
DavidGoGoGo,96677,80,2062
Daydreamer,60555,100,934
DebashishSanyal,35439,75,2444
Delfad0r,55202,92,1718
Demasi,26705,75,2313
Dembel,23402,75,2262
Demon1999,45512,75,2627
DennisMitchell,65139,100,1045
Der.Baer,56436,75,2892
DerrickT,61857,100,962
DesDesDes,63534,80,1915
Desliner,12254,75,2120
DiegoRoque,79394,100,1367
DireWolf,12356,75,2121
Dishooraj,58214,75,2939
DizzeePascall,93147,100,1622
Dohoho,60533,80,1907
Doju,49882,100,712
Dom,76992,100,1316
Dorel,56042,100,840
Douec,55126,75,2847
Douglous,54495,80,1885
DrBubbles,35601,80,1830
DrChuck,61574,100,955
DragonPW,39024,100,520
DreamWang,36088,75,2453
Dreamer23,4838,75,2072
Drenn,15878,80,1791
DuX,55929,100,836
Dukkha,11485,100,102
DumbLuck2,73710,100,1240
EJQ,51419,75,2764
EMarci,53362,80,1880
EPG,77515,100,1325
EasyWong,47623,75,2665
Edka,65857,100,1063
Edward89,81842,100,1418
EdwardSun0909,55597,75,2858
EelVex,93469,100,1627
Efi136,53828,100,795
Eggeek,44991,100,636
EgorKulikov,29054,100,350
Eibe,62468,100,976
Eigenket,27128,75,2321
Eirage,23334,100,274
Elarnon,88689,100,1541
Elgrek0,43660,75,2594
Elias,40656,75,2537
EliasSun,34513,75,2428
EmK,14561,100,160
Enchom,51400,75,2761
Endagorion,2867,100,2
EnigmaTwist,90982,100,1589
Ent,29849,75,2357
EowinYe,95812,100,1667
EpicSound,69187,80,1940
Equilux,75771,100,1288
Eric.W,87882,100,1529
Eric94,64412,80,1918
Ericcwang,48575,75,2691
Eridoxi,86950,100,1509
Erop,49954,75,2730
ErrGe,48557,100,687
EscapeSequence,11645,100,107
Esk,55708,75,2863
Estelle,63883,100,1013
Etienne,14157,85,1746
EvgeniSergeev,97298,90,1743
FDLRS,53740,100,792
FIIAurelian,51715,100,747
FKint,40917,100,561
FXilip,55255,100,818
Farshad.Ghanei,16380,80,1792
FatAlex,66328,100,1077
Fata1ist,73983,100,1254
FatalEagle,6279,100,38
Fcdkbear,45198,100,637
Fedux,42180,100,581
Fedyarer,88391,100,1537
Felix,52957,100,771
Fengdalu,36263,75,2458
Fenghuo,80352,100,1382
Ferdy89,17050,100,196
Fernando,17430,100,203
Fildi,74045,100,1256
First4196,64678,100,1034
FittySpence,10483,100,88
Fj.,76830,80,1972
FloatingPoint,57320,100,861
FloppyCat,32251,80,1823
Floris,73581,100,1236
Fly33,94263,100,1639
Fornax,56858,100,852
Fory,40719,100,556
FoxNounours,26176,75,2299
Frambo,56202,80,1889
FrozenWinters,92621,100,1610
Fulcrum,79164,100,1364
Fumiya,21256,75,2220
Furko,50824,75,2749
Furor,16500,75,2167
FutureChaser,44756,75,2615
GJMIMIMEOW,34949,75,2435
GOMazk,68150,80,1933
GYH,59743,75,2984
GaMBttO,90929,100,1586
Gaabs,13378,75,2136
Gant,94458,100,1641
Garogolun,76271,100,1297
GarySham,58735,75,2950
GaryWu,73739,100,1242
Gassa,8480,100,66
Gazo,51416,75,2763
Gdragon007,26759,75,2314
Gedas,53315,100,780
GeneralOneill,90189,80,2026
Gennady.Korotkevich,25317,100,298
George.Lam,9010,100,70
George.S,15741,100,178
Ghilai,81270,100,1402
GiB,53372,100,783
Gilthans,70778,100,1177
Giove,58088,100,880
Gluk,32985,100,416
Gnivom,13276,100,135
GoldenMan,64135,100,1020
Goldsmith94,52910,75,2800
GordeevAlex,74547,100,1268
Gorre.Morre,83152,92,1723
Gozz,71540,100,1190
Grandrogue,81020,100,1397
GrayFox,89362,100,1555
GrayGratop,95493,80,2059
Greatlemer,55292,100,820
GreenPeace,26629,75,2310
Greentie,58675,75,2949
Grevozin,41619,100,570
Grzesiu,41895,100,572
GuaiNiGuoFenMeiLi,38152,80,1837
GuanYu,36944,75,2471
Guineapig,85324,100,1485
Gullesnuffs,28496,100,337
Guppsy,49663,80,1867
Gural,50070,75,2732
GustavoMG,23908,100,280
Gustavostor,12907,75,2131
H711,65289,100,1052
HDevillez,84838,80,2000
HFiuza,91208,80,2032
HIR180,35167,75,2440
HRoll,78623,100,1349
HSJ,69838,100,1159
Haffi,71150,100,1185
HaifengJin,90817,100,1582
Hakiko,66853,100,1094
HammSandwich,72914,100,1221
Hamukichi,33668,75,2416
Handojo1,38705,75,2502
HandsomeEdison,36545,100,475
HandsomeLiu,55573,100,828
Hartigan,67497,100,1115
HellKitsune123,3160,100,5
HenrikRueping,84682,100,1470
HenryHu,82417,100,1436
HexTree,63683,100,1003
Hezhu,50634,80,1871
Hildan,64553,100,1032
HiltonLange,34806,100,440
Hkar,66757,80,1927
Hodduc,50511,75,2741
Hogan,36568,100,476
Hogloid,29564,85,1751
Hooyoung,42834,100,598
HotLava,81932,100,1421
HowlingSoul,41868,75,2567
Htedsv,45698,80,1852
HuZhongXian,39873,75,2525
Huanyun,79399,90,1736
Humor,60497,100,930
Hykinel,37562,75,2484
Hyperbolic,11511,75,2114
I.love.Hoang.Yen,70647,80,1947
I3MNIX,63412,100,997
IAmWave,71719,80,1952
ICastro,14110,100,151
IElenik,54450,100,804
ILyoan,50366,75,2739
IMANGH,78294,80,1979
IX103,49169,80,1863
IcePupil,64761,100,1036
Icemore,81720,100,1413
Idiotton,29153,75,2347
IdoLivneh,60873,75,3016
Ifni,51683,100,745
IgorBark,15967,100,180
IlyaKheifets,59664,75,2983
IlyaLos,45932,75,2634
IlyaMSU,38506,100,506
Ilyes,90592,100,1574
ImBarD,4635,100,20
ImaginaryPart,58726,100,895
Imnimo,70618,100,1175
Indeed,42916,75,2585
Inmania,89521,100,1558
Isolement,34514,75,2429
ItayAlfia,64801,80,1919
Itu,7405,100,52
Ixia,20394,100,237
J..,53458,75,2810
JDJake,25284,75,2285
JGC,38728,75,2503
JHL,88385,80,2016
JSutton,26278,75,2301
JTJL,31991,100,396
JaanusKp,73766,100,1244
JaapB,58454,100,884
JackWindows,36641,75,2467
JackyKuo,31177,75,2372
Jakub001,43973,75,2602
Jakube,69365,100,1148
Jalen,41254,75,2551
Jamei,49915,75,2729
James5566,97589,100,1706
JamesQAQ,53641,75,2819
JamesSParker,86504,80,2007
JanCK,93994,80,2047
JanKuipers,49185,80,1864
JasonLee,17480,75,2176
Jasonzhang,32859,75,2401
Jawnan,69217,100,1143
JeHyun,52581,80,1879
Jed,58352,100,883
Jennaiel,13619,75,2138
Jensberlips,72098,100,1205
Jer1ch0,93043,100,1619
JeremyBlum,69832,100,1158
Jhamra,24848,75,2280
Jhuni,46999,100,665
JiK,37339,85,1753
Jiangsutx,55767,75,2866
Jihoon,57294,75,2910
Jimbly,80738,100,1392
JimmyJenkins,21438,80,1806
Jingplusplus,73498,100,1234
Jinyu.CU,14928,75,2151
Jlat,32959,75,2403
JoaoM,47483,75,2659
JoelM,67063,80,1928
Johan.de.Ruiter,83147,100,1447
JohnEvans,88082,100,1532
JohnShee,58311,75,2944
JohnSmith,57458,100,869
JohnWong,69580,80,1943
Joisino,9265,80,1781
Jojo.le.Barjos,67154,100,1106
JonAhearn,89204,100,1550
Jongho,51005,75,2753
Jorik,49021,75,2699
Josse,24254,100,283
Jovi,93682,100,1632
Jozko,53290,75,2806
Jujuedv,23763,100,278
Julfy,47538,75,2661
JulianK,52269,75,2786
JunM,24385,75,2272
Junkbot,49168,100,698
KAP,42458,100,587
KCChen,42640,75,2581
Kai.Sonic,47630,75,2666
Kaizero,55465,100,826
KalininN,47534,100,671
Kaseo,51662,75,2769
Kasugano.Sora,30404,100,373
Kawazoe,62064,100,966
Kaz,79407,100,1369
Kaznov,76588,100,1304
Kbo,44118,75,2606
Keks,74359,100,1261
Kelsier718,63020,80,1914
Ken.Nguyen,38675,75,2500
KenjiH,36330,75,2460
KennyCz,61735,100,959
KennyHORROR,92383,100,1607
Keno,36136,100,467
KevinLiu,54192,75,2828
Kha,51969,100,754
Khaelex,21255,75,2219
KhaustovPavel,37939,100,495
Kim.Sungho,87293,80,2010
King114,96954,100,1699
Kiniv,79121,80,1985
Kirhog,48747,100,691
Klockan,25457,100,299
Kolomenkin,52837,100,770
Kompu,60938,75,3019
Kongas,80368,100,1383
Konka,52308,75,2788
KraBrR,56848,75,2901
Krazul,4432,80,1771
Krig,60102,75,2991
Kuuur,90223,100,1569
LEcry,22994,100,268
LHiC,78864,100,1356
LLI.E.P.JI.O.K,34614,75,2431
LTzycLT,23195,75,2256
LVA007,59459,75,2975
Landertxu,41022,100,563
Lanfeust,63801,90,1730
Lark,58777,75,2953
LarryLai,39562,75,2516
LauZi,35026,100,443
LayCurse,74499,100,1266
LazyAnna,28982,75,2344
LeeMobile,55624,75,2861
LeeSin,56925,100,855
Lellow,54644,75,2839
Leo.Lu,93461,80,2042
LeoChen,74495,100,1265
LeoMao,47352,75,2656
LeonardoXavier,77182,100,1319
Lewin,2451,100,1
Lexey,72823,92,1721
Leymore,19097,100,225
LinesPrower,45399,100,643
LiranR,32992,100,417
Little.John,83564,100,1452
LiuHuang,55390,80,1887
Ljq,8015,100,59
Lo.R.D,44857,100,634
Loci,44032,75,2604
Lonelywind,52197,75,2783
Lonelywolf,43764,100,613
LordDuran,42465,75,2578
LordVarys,48698,75,2696
Loretta,56903,75,2902
LotK,69994,100,1161
Louise.de.La.Valliere,95025,100,1648
LucasPereira,56403,75,2890
Lucretiel,21487,100,248
LuiCat,23335,80,1808
Lukasz16a,78872,100,1357
Lunaro,68108,100,1125
Lutyj,57544,100,872
Lyang,74745,80,1965
M.Saito,27910,100,333
MDA,60696,75,3007
ME.py,40117,100,538
MGalc,21974,75,2229
MKLOL,11592,100,103
MMilanov,27593,75,2329
MPeti,60008,100,919
MReni,95080,90,1740
MWong,73800,100,1247
MZuev,90267,100,1570
MadHatter,78202,100,1339
Magilarrr,62190,100,971
Magr95,49946,100,714
MaksK,88262,100,1535
Malcolm,39418,75,2515
Malkava,27507,75,2327
Malvolio,64191,80,1916
Mamedov,58709,100,893
Mamick,17551,100,204
Marche,13544,100,141
Marcin.Smulewicz,2617,92,1711
MarekSt,86121,80,2006
Maricel,36144,80,1832
MarsUltor,42889,100,599
Marshmallow,31712,80,1821
Martial,81350,100,1405
MatFiz,39363,75,2512
Math.Wizard.Boy,95984,100,1672
MathCrusader,56514,100,847
MathGuy,23173,75,2254
MathProgrammer,40653,75,2536
Mathlover,92786,100,1612
Mathon,29827,75,2356
Mathuyama,88795,100,1543
Matjaz,86544,100,1505
MatsT,72018,100,1201
Matt.Harding,93391,80,2041
MatthewBee,52829,75,2795
Mattis,78474,100,1345
Mattj,68386,100,1129
Matui,63788,100,1010
MauricioC,5604,100,30
MauroHorie,32727,75,2397
Mavro,56382,75,2889
MaximKulikov,64262,100,1025
MaynardExcel,94276,100,1640
Mazub,7936,75,2091
McDic,65007,80,1921
McNelly,35303,100,448
Mdx,86266,100,1499
Me.,23246,100,271
MechanicalTurd,81692,100,1411
Mehwar,8705,75,2097
Mellis,46248,100,655
MeloFix,13799,75,2140
Merkurev,47425,75,2657
MetaMon,36051,75,2452
Meyd,48228,75,2682
MiSawa,41077,100,564
Mic.Kub,60763,75,3009
MichaelGu,53501,75,2813
Microsheep,36899,100,482
MikanTsumiki,21947,75,2228
Mike.Xiao,6982,100,44
MikeCAT,62739,100,987
Mikester95,67741,100,1118
MikeyG,25061,100,296
Milanin,89899,100,1565
Mjiig,87746,100,1526
MoOT.Cube,95299,100,1658
Mods,30428,75,2362
MohamedZain,59084,80,1902
Moketi,44110,100,621
Moonbay,53058,75,2802
MooseBoys,70856,100,1181
Morass,11621,75,2116
Mordecai,32139,100,399
Moriz,23287,75,2260
Morph0,60495,75,3001
Mos,55525,75,2857
MottyP,15720,100,177
Movie,26066,75,2295
Mperv,78980,80,1981
Mr.M,50236,75,2735
Mr.Pi,36275,75,2459
MrBearUA,71165,100,1186
MrGiveChance,37075,100,484
MsrButterfly,31052,75,2371
Muali,88477,100,1538
Multifarious,13643,80,1785
Munin,60420,100,927
Murat,35605,75,2446
Murphy,20584,100,238
Mysteryname,41934,100,573
NAFIS,21361,100,246
NTUwanderer,57241,100,859
Na2a,20464,75,2213
NabiNaga,96554,100,1688
Naizuru,22749,75,2246
Namnamseo,47614,100,672
Nandofer,95479,100,1662
Nanored,26225,100,306
Narua,57234,75,2905
Nasa,95716,85,1768
NateW,96752,90,1742
Nbdd0121,93492,100,1629
NefariousZhen,75142,100,1279
Nepeta,77623,100,1326
Nerevar,33264,75,2406
Neverauskas,47451,75,2658
Newen,51001,75,2752
NiKS,71810,100,1194
Niak,26466,75,2306
Nic.Roets,24270,80,1810
Nickle,32421,75,2393
Nicolas16,3809,100,9
NicolasK,18992,75,2193
Nihilant,58263,75,2942
Nika86,32266,100,401
Nikitosh,48197,100,678
Nin0,87548,100,1520
NitishC,38261,75,2492
NoamGaash,58185,80,1898
Noble.Mushtak,48450,100,685
Nochemala,62362,100,972
Nocklas,74277,100,1260
Nolpfij,14083,75,2144
Nooodles,35002,75,2437
Nore,36447,100,471
Not.A.Number,48647,100,689
Novemura,40975,75,2546
Nullard,62165,100,970
Nyatl,16221,75,2164
OMGTallMonster,17096,100,198
OPheadacheh,94906,100,1644
OakChawit,73291,100,1228
OctThe16th,14276,75,2147
Ogorod98,58561,100,888
OliverHallam,12258,100,114
OmSakthi,57351,75,2912
OmaaarZ,41404,75,2555
OmarHashim,46976,100,664
Omrigan,83767,100,1457
OneStrugglingRookie,48373,75,2686
Ong,39148,100,522
OnionPringles,10420,100,86
OrangeCLK,53664,100,790
Orangerobber,54763,75,2842
Orlangur,38705,100,509
Ormendahl,60569,75,3003
Ostap,88830,100,1545
Oswald,16534,100,188
P.Teerawat,75910,80,1967
PKProStudio,39853,75,2524
PNG,19699,80,1803
PPFish,59014,75,2960
PRB,44598,75,2613
PURDUEBOILER,86692,100,1508
PalmPTSJ,25068,75,2283
PapyMoustache,44725,75,2614
Parikh,56409,80,1891
Pascalson,67342,80,1930
Pascualino,57914,75,2926
Pasqual45,81191,100,1400
Patrickdev,49348,75,2709
PauL,31565,75,2380
Paul.T,82728,100,1442
PavelKunyavskiy,74477,100,1264
PavelKuznetsov,30059,75,2359
Pedro.Bello,14494,100,159
Pedrohso,94795,100,1643
PengLong,29677,75,2354
Pengwen.Zeng,61849,100,961
Peter2000,96772,80,2063
PeterMunich,65848,100,1062
PeterPaan,81287,100,1404
PetrosN,55360,75,2852
PianoRoKR,18866,75,2191
Pick,66867,100,1097
PieceOfCake,51143,75,2757
PiffNP,71576,100,1191
Pilot34,68467,100,1130
Pitaga,17780,100,209
Pitaya,64886,80,1920
Piwattz,59866,75,2987
Pkufengxiangli,51855,75,2774
PlayLikeNeverB4,60345,75,2997
PluVian,59229,75,2966
PlutoShe,62613,85,1757
PolymathSoon,21050,100,242
Pop.Todi,58651,80,1899
Popovkin,6174,75,2078
Pouf,57693,75,2918
Pred4c3,73206,100,1226
Prime21,44876,75,2619
ProbablyARaptor,19854,75,2202
Progbeat,53116,100,773
ProjectYoung,38997,100,518
Pt.Tp,41907,80,1844
PurpleHeart,57523,75,2916
Pythonator,89592,100,1560
Qingdi,58257,75,2940
Quantum.RN,26461,100,308
QuantumCaffeine,93147,100,1622
QuentinB,65328,90,1731
QuickBrownFox,14745,100,164
Quigi,55058,100,813
Quilan,12465,75,2125
Quorrin,96038,90,1741
Qwertyuiop,69586,100,1151
Qwrk,68332,100,1128
Ra16bit,27312,75,2325
Raditzan,85933,100,1494
Rafbill,36967,100,483
Ragnar,4454,100,18
Rajpurohit,37987,75,2487
RakeshPant,50650,75,2744
RalfKistner,43097,100,601
RalphFurmaniak,10762,100,91
Ranmocy,86547,100,1506
Rasinhas,84485,100,1465
RayChris,43139,100,602
Recursion,27413,100,331
RedJay,73699,100,1239
Redefine,78315,100,1340
Refactula,49430,100,704
Remilia,30341,100,370
Renelvon,84678,100,1469
RexCoder,45395,75,2624
Reza.Ashtiani,60411,75,2999
RiHL,77368,100,1321
Riatre,58484,100,886
RichardSchoonhoven,45851,75,2633
RichardZapor,30799,75,2366
RinMin,72599,100,1216
Ripoder,82771,100,1444
Ripounet,57916,100,875
Riteshbxr,49229,75,2706
RoBa,70534,80,1946
Rob702,36228,75,2457
RobKing,67140,80,1929
RogerB,20013,100,233
RogerW,43219,75,2587
Romka,26219,75,2300
Ronnoc,40294,100,545
Roy,63488,100,1001
Ruberik,76882,80,1973
Rubmary,31263,75,2373
Rulle,65562,100,1056
Rustyoldman,36490,75,2464
Ryan,86337,100,1503
Ryckes,55963,100,838
SCL,26875,75,2316
SPerumal,95068,100,1650
STEP5,17582,100,206
STz,49569,75,2717
SYury,32360,75,2390
Sadia.013,38387,75,2496
Saham,77617,80,1977
Saint.Moustache.Leftovers,73760,80,1961
Sairi,30530,100,374
Salls,8856,100,68
Salmon,20361,100,236
SalmonFish,39041,75,2508
Salvare,48140,75,2679
SalvatorePatti,49456,75,2713
Samay,58481,100,885
Samjay,81623,100,1410
Saph,60252,100,922
SarunInt,41414,100,567
Sasha,82182,100,1427
SashaMN,93092,100,1620
SaveVMK,4165,100,15
ScaleRhyme,13228,100,132
ScallopSky,64472,100,1030
Schneck,12514,100,120
ScottyP,14043,100,147
Sd.Invol,24394,100,286
SealedOrpheus,49615,100,710
Sebas.Gomez,52867,75,2799
Seemann,64785,100,1037
Segovia,12364,75,2122
Seledorn,90173,80,2025
Selv,87403,100,1517
Sempr,53569,100,787
SerVasilich,78128,100,1338
Sereja,45543,75,2629
Sergey.Bankevich,45801,100,648
Sergeys,86101,100,1496
Serkesh,65479,100,1055
Seyaua,22215,100,256
Sfairat,73133,100,1225
ShadowSong,17151,75,2172
Shaikhitdin,28635,75,2340
Shangke7788,30666,100,376
Shaon,42535,75,2580
Shapo,37573,100,491
SharkMan,55796,75,2867
ShawTim,46072,75,2637
ShawnDong,32776,75,2399
ShayanH,79024,100,1361
Sherlock9,70892,100,1182
Shloub,74825,100,1273
Shubochao,63371,100,996
Silveew,55440,100,825
Simon.M,70565,100,1172
SimpleGCJ,34839,75,2433
SinnerAA,50298,100,723
SkyDec,8741,75,2098
SkyRaker,32878,75,2402
Skywalker8921,39823,75,2523
Skywave,53258,75,2803
Slevin,84844,100,1475
Slimper,76906,100,1313
Slobodianiuk,67245,100,1107
SlowCoder,24280,75,2270
SmartSchizo,46551,100,658
Smartassjacob,36704,100,477
SmileyFace,28594,100,338
Smithers,51967,100,753
Smurf,55609,75,2860
Smylic,27215,100,327
SnapDragon,35739,100,457
Snuke,65127,100,1043
Sohieb,49036,75,2700
Solaris3,63480,100,1000
Solenoidal,87907,80,2012
Soronbe,5927,75,2076
Sosunser,10500,75,2107
SoulTch,37542,100,489
SouthRa,43272,100,604
Sp3000,39541,100,528
Spark007,55333,75,2851
Speckdonis,63316,100,994
Spelvin,12680,100,123
SpiritsUnite,49811,75,2726
Squarefk,36463,100,473
Srdce,66484,100,1082
SsnL,66076,100,1071
Stacy992,14172,75,2146
StarCuriosity,83912,80,1994
SteK,49661,75,2722
Stefan456,84977,100,1477
StefanPochmann,67107,100,1103
Stilwell,10844,100,94
Strandtasche,60879,75,3017
Strikeskids,19472,100,228
Stun,39016,75,2507
Suboptimist,79320,100,1365
Subscheme,12312,100,116
Suits,51814,75,2773
Sully,22457,75,2239
Sullyper,11466,92,1713
Sumeet.Varma,14030,100,146
SummerDAway,28731,100,342
Sunlicht,53489,75,2812
SuperBidi,45618,100,646
SuperContact,65267,100,1051
SuperDupont,13217,75,2133
Suphan,72771,100,1219
SuprDewd,60154,100,920
SwatStar,46746,80,1857
Sydriax,17615,75,2178
T1024,13417,80,1784
T3rm0pA5ta,47713,75,2667
TJU.Hacb,26311,75,2302
TK305,24632,75,2275
TKnigge,6454,80,1775
TVH,46552,75,2642
Tabasz,84432,80,1998
Taizo,37234,100,487
TakaakiUmedu,12601,75,2127
TakanashiRikka,11246,100,98
Tangent,44154,100,622
Tangjz,78822,100,1354
TankEngineer,25918,100,302
Tas,65950,100,1065
Tashiqi,16236,100,184
Taube,63710,100,1004
Tc.,29922,100,364
TeaPot,65169,100,1046
Tedday,95414,100,1660
Tedium,8763,75,2099
TehMillhouse,60639,75,3005
Tellmarch,7946,100,58
Tenebryo,21787,75,2224
Terence,96589,100,1691
Ternsip,69577,80,1942
The.One.Ring,20340,75,2211
TheArchitect,53384,75,2809
TheDevilOnline,38830,75,2504
TheNumberOne,75644,100,1287
TheTractor,39674,100,529
TheUnthinkable,65317,100,1053
Theogry,24797,75,2278
ThiagoRRamos,14851,75,2150
Things,61188,75,3029
Thisnicknameisnotavailable.,68527,100,1132
Thundzz,56528,100,848
Tiaosheng,14941,80,1789
Tifuera.,80697,100,1390
Tigvarts,55318,80,1886
TimNN,60434,75,3000
Tima,48658,75,2692
TimeString,29616,100,357
TimothyB,54228,75,2829
Tinedel,65710,100,1060
TinyNight,32162,100,400
Tinysun,33394,100,421
Tinyyy,36626,75,2465
Tish,42705,100,596
Titandrake,8998,80,1780
Titimtimon,50283,75,2738
ToR,49479,75,2714
Tobast,86499,100,1504
Toby,21695,100,250
Toeler,44093,75,2605
Tofusan,46530,75,2641
Tony,61481,100,951
TooHard,36388,100,470
Torden,91923,92,1725
Tossed,77232,100,1320
TotalyNotAProgrammer,45152,75,2622
Trasier,36153,75,2454
Triply,51797,80,1875
Troublemaker,70779,100,1178
TrueBamboo,64007,100,1018
TrumenGG,7723,75,2089
TrungHieu11,66855,100,1095
TryAndSee,47073,100,666
Tunabrain,77668,100,1327
TungNP,44836,75,2616
TurboDymoNerd,71651,80,1951
TusanHomichi,88475,90,1739
TwL,11967,75,2118
TwistedSkull,48906,100,693
TwoFx,35888,75,2451
Typhon,37252,80,1834
Tzabari,57303,75,2911
Tzafrir,37359,75,2482
UOHsaurabh,48784,75,2698
Uhateme,16037,100,182
UltraSuperboy,39691,100,530
Umnik,45510,100,645
Umqra,48255,100,680
Underleaf,37551,100,490
UpDownDOTA,8717,100,67
Uriopass2,40632,75,2535
Uts,80514,100,1386
VUAcoder,92022,100,1601
VVmengmengda,29071,75,2345
VaLaci,75796,100,1289
Vanadar,57365,100,865
Vanekan,59597,75,2979
VanillaMilkTea,28256,75,2336
VastoLorde95,37160,75,2477
Vasyl,55944,75,2869
Vaush,95164,100,1653
VehicleOfPuzzle,96493,100,1687
Veltz,66144,100,1073
Vennik,56685,75,2897
Vesuvius,52288,75,2787
Vicsyl,90809,100,1581
VictorXjoeY,71556,80,1949
VinnyJam,48611,100,688
VinyleEm,29631,100,358
Vitaliy,67887,100,1122
VjiaoBlack,13798,80,1786
Vlad.kv,85913,100,1493
VladGavrila,70927,100,1183
VladYermakov,50252,75,2737
Vladislav.Makarov,40767,75,2541
Vladster,62130,100,969
Volkyoe,61078,75,3024
Vovani,85181,100,1480
Vytas,84209,100,1461
Vytis,6139,100,36
W4yneb0t,38431,100,502
WARLOCK,51404,75,2762
WCG,66620,80,1926
WJMZBMR,74786,100,1271
WYOCMWYH,78155,80,1978
Wah,35183,75,2442
Wain,64196,100,1023
Wataru,41281,75,2553
WeiLiu,66022,100,1068
Wertle,72146,100,1207
Whalanator,53776,100,793
WhiteShadow,49616,75,2721
WhyNot,35286,100,446
Wild.Hamster,44571,100,630
Witalia,78016,100,1334
Woreviam,60699,75,3008
XeR,73461,100,1232
Xhark,24292,85,1750
XiaoZhuZhu,33679,100,424
Ximera,74584,80,1963
XingSu,25826,100,301
XovoX,88258,80,2015
XraY,82167,100,1426
Y.ume,23489,100,277
YBZ,72946,100,1222
YDesai,56073,75,2875
YYOne,63135,100,993
Yak,85415,80,2002
Yaksha,27659,100,332
Yao,62733,100,986
Yellowstar,52347,100,758
Yinyanghu,15429,75,2157
YoEugene,44873,75,2618
Yongwhan,21999,75,2231
Yoshiap,13250,100,133
YuKiSa,52391,75,2790
Yude,68587,100,1133
YulObraz,95538,100,1664
Yupo,72010,80,1953
YuryBandarchuk,3272,75,2068
Yuxiang,82660,100,1440
YxuanwKeith,52516,100,763
ZQFMGB12,8257,75,2094
ZQX,29094,75,2346
ZWolf,26521,75,2308
ZYH111,17368,92,1714
ZachP,13365,100,138
Zacru0,47885,75,2672
Zailton,75384,100,1280
ZanderShah,16165,75,2163
Zark,53287,75,2805
Zayankovsky,67719,100,1117
Zeidren,53595,75,2817
Zeleng.Zhuang,35112,75,2438
Zeroe,69127,80,1939
ZhSh,11412,100,99
ZhouYuChen,28894,100,344
ZhukovDmitry,63764,100,1008
Zikura,78884,100,1358
Zimmux,67758,100,1119
Zips,59507,100,908
Zoli9,54606,75,2837
ZooL,46699,75,2644
Zrfan,75451,100,1284
Zuza,57746,100,873
Zwergesel,61547,100,954
Zygmunth,73872,100,1250
Zyr17,29918,100,363
a.paulson,97896,100,1709
a1ex,64747,100,1035
a2stnk,13077,100,129
aa2985759,58575,75,2947
aaaaajack,37787,100,494
aan93,58808,100,898
aanastasov,57941,75,2927
abc3141,7057,100,45
abcnet,34016,100,430
abcucci,33361,75,2410
abczz,59906,100,916
abdulrahuman5196,33691,75,2417
abhilekh041992,31719,75,2382
abhishek1408,57648,75,2917
abhishekgarg2009,53886,75,2827
abhisheksaini,38504,75,2499
abisheka,46181,100,653
aborg,43263,75,2589
abpq,56408,80,1890
abuss,11225,100,97
abyssmally,28953,100,347
acesine,31451,75,2377
achaitanyasai,32343,75,2389
achan1058,8204,100,63
acnipih,60023,75,2990
acslk,95248,100,1656
addie9000,55832,100,835
additya1998,48553,80,1861
adelnobel,56290,75,2884
aditsu,74862,100,1275
aditya1495,57413,75,2914
adityab,59532,75,2976
adm3ws,69957,80,1944
admin123,85992,80,2004
adrik,96385,100,1684
adsz,53257,100,777
aelg,85290,100,1484
aeremin,58786,100,896
afaji321,26934,100,318
afkidrs,66613,100,1085
afoo,36847,100,479
afourast,78762,100,1351
aggelgian,43522,75,2592
aguy,76391,100,1299
agw,95144,100,1651
ahausch,75477,100,1285
ahimawan123,88650,100,1540
ahmed.aly,7643,80,1776
ahmed1ossama13,71693,100,1192
ahri,56929,80,1894
ahu1992,48901,80,1862
aitch,61120,75,3026
aj95,48426,75,2689
akaki,38701,75,2501
akaring,40163,100,542
akarthi2,34474,75,2426
akdee,82817,100,1445
akhmed,56755,100,850
akill3r,37197,75,2478
akinori,87627,100,1521
aklecram,78003,100,1333
akovski,18831,85,1747
akoya,50419,100,724
akraievoy,83632,100,1454
akulsareen,11619,100,104
alan790712,27401,100,330
alangpierce,77157,100,1317
alantian,74191,100,1259
alberist1,89216,100,1551
alcinos,55143,75,2848
alecsyde,66660,100,1086
alei,61189,75,3030
aleksey,6697,100,42
alex.hehmeyer,40785,75,2542
alex.jh,54373,100,802
alex.pizarro.j,97131,100,1700
alex1770,8168,100,62
alex20030190,12984,100,128
alex700,74852,100,1274
alexamici,38188,100,496
alexb5dh,83677,100,1455
alexey.enkov,83083,90,1738
alexeykuzmin0,39204,75,2510
alexrcoleman,15167,100,170
alexwice,9714,100,81
algmyr,51570,75,2766
ali.mohamed,38356,75,2495
alin,58042,100,879
alkjash,7803,100,56
allenwhale,35553,100,451
allmar11,12364,75,2122
alno,51741,100,750
along,38643,80,1838
alpha3,67493,100,1114
alxhwg,91504,80,2035
alyaxey,73961,100,1253
amalykh,25832,75,2291
amatissart,7213,75,2086
ameboide,18539,75,2187
aminul,30495,75,2363
amitrofanov82,40626,75,2534
amylase,42703,100,595
anari,7245,100,50
andcai,18111,75,2184
andrefs,73853,80,1962
andrewk,16923,100,193
andrewstewart25,13221,75,2134
andrewzta,42682,100,593
andy.k,95566,100,1665
andytyk,91919,80,2036
angelp57,64178,100,1022
angwuy,44423,100,626
angzhiping,48318,100,683
ania7,74707,100,1270
anirudhmodi,25870,75,2292
anstkras,35698,75,2447
anthonyclays,48080,100,677
antiquity,31127,100,384
antoninb,65130,100,1044
antonkovsharov,83192,100,1448
antonpp,7643,75,2087
anttil,4867,100,24
anubhav11,41739,75,2563
anzu,68282,100,1127
aozdemir,76559,100,1302
apetri,29683,100,360
apiapiapiad,22261,100,257
apronchenkov,73902,100,1251
aquamongoose,23250,100,272
araver,16473,75,2166
archit09jain,48069,75,2676
areke,81748,100,1414
arghyasur,46151,75,2638
argusdusty,15039,75,2153
arihayes,25544,75,2288
arka.hjp,38426,100,501
arkorwan,23263,100,273
arock,95159,100,1652
aropan,64888,100,1039
artberryx,48662,75,2693
artcorpse,32367,100,404
arun.rajora,34296,75,2423
asandrin,33542,80,1828
asdacap,45207,100,638
ashish1610,19598,75,2201
ashish1729,41544,75,2560
ashpsycho,81142,100,1398
asi1024,5342,100,26
askar.aitzhan,66490,100,1083
astrid,55411,100,824
astrofrog,56564,75,2896
asundqui,93336,80,2040
atfelix,59884,75,2988
athin,18282,80,1799
atlas.frees,89260,100,1552
augustotorres,61090,75,3025
aurinegro,9123,100,72
austrin,37731,100,492
avanpo,96162,100,1679
avg79,38810,80,1840
avgarder,59309,100,902
aviaryan,47543,75,2662
avm99963,56037,75,2873
avolchek,66692,100,1088
awzy,96419,100,1685
ayumilong41,54936,100,811
azaky,67112,100,1104
azhai,8319,100,65
azsorkin,12075,75,2119
azukun,32272,100,403
b92paul,59641,100,910
bIgInNnNeR,31832,100,394
bala.c,60005,75,2989
ballonguy,6207,100,37
bam,93137,100,1621
bambit,22375,100,260
bamilan,79010,80,1982
bananaphone,32014,100,397
bardek,82308,100,1431
barisdemirdelen,16633,100,189
battyone,64276,100,1026
bayleef,81461,100,1406
baz1,88104,80,2013
bbbert,31888,100,395
bbhands,41494,75,2558
bcmpinc,51100,100,736
beans,63026,100,992
behzad.nouri,9530,75,2103
bela.mervado,66676,100,1087
bendi,92974,100,1616
benfei,70223,100,1166
benkraft,35704,100,456
benshare,22670,100,264
bergljot,93958,80,2046
betaveros,17834,100,210
betor,26896,75,2317
bgdr,8010,75,2092
bhuztez,53809,100,794
biaobiao0339,41222,75,2550
bigOnion,55666,100,830
bill.han1992,93029,100,1618
biltharesatyendra,17824,75,2182
binig,47898,75,2673
biran0079,17230,100,201
birdstorm,28411,75,2338
bitfort,96015,100,1674
blednotik2,30974,100,382
blegat,73644,100,1237
blmarket,49133,100,697
bloboby,82749,100,1443
bluedawnstar,22326,75,2236
bmerry,37775,100,493
bmx007,83134,80,1992
bobogei,66121,100,1072
bocong,15977,75,2162
bogeyman,20237,100,234
bohdan.dovhan,58206,75,2937
boris4,68941,100,1136
boryspoplawski,89011,100,1549
bquark,35265,80,1829
brahim,44743,80,1849
brainail,51125,75,2756
branyine,74961,100,1277
brasspots,57049,100,857
brian12345,66828,100,1092
brnn,32510,75,2395
brunoff,60807,75,3011
bryanj,66792,100,1091
bsnipers,42084,100,579
bsrinivas8687,17728,75,2181
btzy,26889,100,316
bubblecn,80843,100,1394
burakov28,56357,75,2886
burunduk3,3360,100,8
byc,20132,80,1804
bydooweedoo,38072,75,2489
bylysobieswinkitrzy,71518,80,1948
c2251393,23190,75,2255
c3b2a1,36263,100,469
cabeciahuyama,84819,100,1474
cadac,90412,100,1571
caethan,21075,92,1715
caf,56871,100,853
cailw,22451,100,261
cakeplus,65778,100,1061
caldoria,98280,90,1744
calfcamel7,42971,90,1728
calintat,43805,75,2598
calvinleenyc,80377,100,1384
camypaper,7578,100,54
canada,6379,75,2081
caph1993,92313,100,1606
capythm,42449,75,2577
carlop,82264,100,1429
carpcrap,67130,100,1105
carrick16,85385,80,2001
cathook,28088,100,334
cavoo,53328,75,2807
caz,33307,75,2408
cc787,56326,75,2885
cchao,23918,100,281
cchli,33322,75,2409
cdkrot,53586,80,1881
ceciliacx,84545,80,1999
cedriclin,4458,100,19
cen5bin,30375,100,371
cephian,70577,100,1173
cescmentation.folch,67087,100,1102
cfcfs,55742,75,2865
cgy4ever,4043,100,12
chEEtah,76476,100,1301
chaemon,33974,100,429
chagrin,72082,100,1203
chamathK,64948,100,1040
changhai,28351,100,336
channabankapur,79197,80,1986
chaoticiak,67344,100,1110
chemthan,56425,100,844
chengyinwu,20061,75,2208
chenxiaoqino,60070,80,1904
cherrypi42,80752,100,1393
cherudim9,72532,80,1956
chffy,23848,100,279
chiguri,41091,100,565
childeroland,51183,100,738
chimiriwanketu,19947,75,2206
chinesedfan,52010,75,2778
chip.mk,67288,100,1108
chiwangc,41263,100,566
chnk,40705,75,2539
chnlich,41831,100,571
chongkong,67839,100,1120
chowy993,56261,75,2881
chriswong205,36163,75,2455
chrisx,14866,100,167
chubakueno,77872,100,1330
chuckl0416,24958,100,291
cih187,49087,75,2702
cki86201,69776,100,1155
climpet,31273,75,2374
clotz.sugar,12326,100,117
cloudzfy,37122,75,2476
clouilt,39548,85,1754
clrs97,48118,75,2677
cmroz,85179,100,1479
codecracker4,57204,75,2904
codename47,24049,75,2268
codespam,90633,100,1575
codetaku,14102,100,150
codingbug,84189,100,1460
cohadar,39755,100,531
cold5r,53636,100,789
comGongDoRi,43534,100,610
conormuldoon,56474,75,2893
cons,50105,75,2733
coproduit,69133,100,1138
cornelius.gouws,84701,100,1471
cos,35294,100,447
cosminC79,47225,100,667
cpu4500,52095,75,2781
cr.endo,42266,75,2575
crosu,94241,80,2050
crwhite,98701,80,2066
csegura,96078,100,1675
csehydrogen,37449,100,488
cseri,81780,100,1415
cshao1235,23390,100,276
css,37994,80,1836
cst1,60355,75,2998
ctunoku,3811,100,10
ctzsm,93213,100,1624
cubelover,82061,100,1424
cuterabbit,11373,85,1745
cutrain,47251,80,1858
cwillmore,26847,100,313
cwj,40878,100,560
cxfcdcpu,56381,75,2888
cxlove321,48388,75,2687
cyberhuman,45670,80,1851
cyon,76568,100,1303
czm1989,62123,100,968
d..,6660,100,41
d.operator,50185,100,721
dacin21,67446,100,1111
daemontus,54273,100,799
daifei4321,50848,100,733
daisynowhere,97789,100,1708
dalex,58203,75,2936
damaru,59271,75,2968
damien0g,38891,100,515
damnecki,59657,75,2982
dancho,49460,100,707
daniel.werner,72508,100,1214
danielf,10819,100,93
danielzhang,26450,75,2305
danile53,29849,80,1818
danzhi,46873,100,662
darkKelvin,5910,100,34
darnley,74163,100,1258
darnoc,10665,100,89
darrenhp,34411,100,434
darry140,59403,100,904
dave.balmain,6747,100,43
davi0015,15780,100,179
davidje13,12893,100,126
davidlee1999,51712,100,746
davidlin97,36716,100,478
davidrabb,51521,75,2765
davidv,39838,80,1841
daybreakcx,61465,100,950
dazedviper,19857,75,2203
dbakti7,28062,75,2333
dbooth,22126,75,2232
dbradac,57385,100,866
ddddddpppppp,91739,100,1597
ddirenzo,20281,100,235
ddoss,82658,100,1439
deep9539,43604,75,2593
dees,80894,100,1395
deliciousjam,61003,75,3022
demaio,22794,100,266
denchik,78385,100,1342
dened,40326,100,546
deniss,53570,75,2816
denominator,42530,75,2579
deukmo,43604,100,611
devjoe,18485,100,217
dexter2206,43922,100,619
dexy,94069,100,1638
dfan,88876,100,1548
dg.,55080,100,815
dhanpath,44227,75,2609
dhh1995,29505,100,356
dhirajmadan1,69308,100,1145
dikmax,66956,100,1099
dilemma,42177,75,2573
dinario,48965,100,695
dingxiangfei,88612,80,2018
dinnot,55123,100,817
diofanto,57016,75,2903
dirtysalt,51655,75,2768
disneyp,12668,100,122
djibouss,12619,75,2128
dkirienko,52323,75,2789
dkorduban,76295,100,1298
dmad,12914,80,1783
dmitryme,40739,100,557
dmks,65233,100,1048
dmytrii.ilchuk,96870,100,1697
dnkywin,7209,100,49
dnswlt,49126,75,2703
dnufer,33780,75,2419
doktoren,87725,100,1524
doldom,27008,75,2320
domingos86,52677,100,765
dongockhanh1997,52838,75,2796
donhatch,28652,100,339
donogo,27388,100,329
doodoori2,68156,80,1934
dooglius,14680,100,163
dotory1158,26691,100,312
doubleEle,35860,80,1831
doublehh,8823,75,2100
dpforest,22350,100,259
dpw,36449,100,472
dragon7,39885,75,2526
dredwerkz,38469,100,504
drtnf,96677,100,1693
dshabes,38508,100,507
dtaka,57470,100,871
dummymon,51642,75,2767
durt,22901,100,267
dusanr,48244,100,679
dussel,73265,100,1227
dut200901102,48476,75,2690
duyboy135,59098,75,2962
duyhai,91368,100,1594
dvdreddy,75872,100,1291
dvolgyes,52021,75,2779
dwahler,66031,100,1069
dwoolley3,12624,75,2129
dyukha,49551,100,709
dyx404514,29746,75,2355
dzhu,75442,100,1283
dzhulgakov,15296,100,172
eXtreme,55393,100,822
earl,50141,80,1870
eatmore,29960,100,366
ebd,34367,75,2425
echesakov,65066,100,1042
echoo,60308,75,2996
ecnerwala,32912,100,412
ed1d1a8d,78762,100,1351
eddy1021,21905,75,2226
edisonarango,77040,80,1974
edorundo,16671,80,1794
eduardische,7202,100,48
edwardfung123,41773,75,2564
eemon,53463,75,2811
eha,96929,100,1698
ehlemur,46726,80,1856
eidanch,80110,100,1378
elia,87157,100,1514
eljdmax,76941,100,1314
elockhart,60924,100,940
elsantodel90,62893,100,990
elsw,95368,80,2058
emilgouliev,66899,90,1733
encse,31782,75,2383
ende,46405,80,1855
enghqii,68830,80,1937
enriz,35850,100,462
ep.c87,59583,75,2978
erdemkiraz,61135,75,3028
eric.ly,17332,80,1796
erichoco,40159,75,2530
erka,92390,100,1608
erzpan,72228,100,1210
ethiery,59164,75,2964
etotheipi,6347,100,39
eugen.krizo,34450,100,435
eugenus,52462,75,2792
eush77,80174,100,1380
evandrix,59401,75,2973
evg.zhabotinsky,44675,100,631
exod40,6093,100,35
exoji2e,11009,75,2111
expye,50062,100,718
f1u77y,39257,100,525
fabik,81989,100,1422
fagu,69308,100,1145
faiface,73532,100,1235
failturtle,11505,75,2113
famafka,60820,100,938
fanKarpaty,23009,75,2250
fantastory,58606,100,890
fanvree1,53587,100,788
farin,52267,75,2785
fastblood,77914,100,1331
fatfisz,16957,75,2169
fbossiere,61534,100,953
fcjy,38727,100,512
fcueto,55947,75,2870
feigao,24895,100,290
fellek,87408,100,1518
fengsuiyan,34463,100,436
fenshan,94029,80,2048
fenzhang,35802,75,2450
festony,23014,100,269
ffao,18890,100,224
fidels,82922,100,1446
fikr,60210,75,2994
fiver,40623,100,552
fk2000,59456,75,2974
florian.f,61134,100,943
forest,39010,100,519
foreverbell,39237,100,524
fpfilko,40051,80,1842
frOzen,69316,80,1941
fram,42240,100,584
franekbbb,71741,100,1193
frankbozar,55799,100,832
franzks,13051,75,2132
fredldh,32270,100,402
free777man,6418,75,2082
freskov,52700,100,767
frp,77403,100,1324
ftiasch,24004,75,2267
fuch,38333,100,499
fullfool,27002,100,324
fushar,70581,100,1174
fvannee,43225,75,2588
fvbommel,26188,100,305
fynjy,34845,75,2434
gabrielbdry,14563,75,2148
gaganmadan,58714,100,894
gahl,55439,75,2854
gangsterveggies,21721,75,2223
garzon,51969,100,754
gastisalgado,31526,100,387
gauravjs,5605,100,31
gawarkiewicz,8294,75,2095
gchelfi,84712,100,1472
gcjlzy,29320,75,2350
gdiego,28831,75,2341
gearfo,67482,100,1112
gena,75390,100,1281
gengkev,72734,100,1218
geniusjazz,33653,75,2415
george98,77676,100,1328
georgevidalakis,87646,100,1522
gepa,23363,100,275
germanzorba,83448,100,1451
ggmichaelgo,44850,75,2617
gigikent,70750,100,1176
gilesg,40133,100,539
gizzywump,7424,100,53
gjam,53281,100,779
gkreitz,79398,100,1368
gkso,90956,100,1588
gleb.astashkin,88102,100,1533
globalpointer,18133,100,214
gnomnain,10074,100,85
goalboy1015,8668,75,2096
goffrie,94952,100,1647
gongy,52994,100,772
gorod,32141,75,2385
gotoloop,52067,100,756
goulagman,43452,100,606
goyalankit,50111,75,2734
graf,41613,100,569
grandvic,84605,100,1467
grated,94581,100,1642
graygrass,42609,100,590
greatway,53186,100,775
grebnesieh,48289,100,681
greencis,78727,100,1350
grothendiggah,13922,100,144
gs15016,90662,100,1578
gsz,93488,100,1628
guanguan,40660,75,2538
gugugu,65591,100,1057
gugus,76700,80,1970
gulshan1994,41837,75,2566
gultai4ukr,83644,80,1993
guojunshi,55144,75,2849
gurtej.kanwar,6500,75,2083
gustasthegreat,59617,75,2980
gvissers,54710,75,2840
gxnncrx,66228,100,1074
gyahun,40661,100,554
gyorokpeter,42054,100,577
h4cker,54972,75,2846
hacatu,74530,100,1267
halfcathalfbug,96316,100,1683
halucinka,12462,100,119
hamadu,49204,100,699
handorff,18762,75,2190
handre,90633,100,1575
hank55663,55654,75,2862
hansonw,51936,100,752
haoranxu510,5703,100,33
happyCoder,49529,75,2715
haradwaith,76875,100,1312
harry.zhao,24424,75,2273
hashirama,84385,100,1463
haxxpop,62993,80,1913
hayk,13386,100,139
hdu.toraoh,28934,100,345
heaparray,32105,100,398
hec,33457,80,1826
helca,22703,75,2243
hellman,38124,75,2490
henrybrausen,25640,75,2289
henviso,83629,100,1453
hero80,49208,100,700
heroming,22676,80,1807
hgd,50873,100,734
hghwng,27026,100,325
hhhhhhhhhhhhhhhhhhhhhh,47925,75,2675
hhwang,17552,100,205
hiaatcnd,28964,100,348
hieutle,86269,100,1501
himanshujaju,26074,75,2296
hjx1212,35274,100,445
hobermallow,92012,100,1600
hogeover30,39704,75,2520
hohomu,63995,100,1016
holdenlee,8498,80,1778
honeybadger,26499,75,2307
honghong,35743,100,458
hongkai,31532,75,2379
hotpepsi,61074,75,3023
howsiwei,63681,100,1002
hs484,84420,100,1464
hsyeo,21454,100,247
htamas,76593,100,1306
huangxi,54280,100,801
hugeh0ge,54115,100,797
humanfy,38959,100,516
huzecong,14924,80,1788
hwf,80879,80,1989
hwmaltby,71579,80,1950
hwx,90708,100,1580
hxhl95,14392,100,156
hyeonguk,86300,100,1502
ia0,69760,100,1154
iahs,18613,75,2188
iakl,67507,100,1116
iakolzin,51798,75,2772
iamnoobi,17884,100,211
ian.craig,89452,80,2020
ibur,64207,100,1024
icypepsi,58803,100,897
idealistos,71476,100,1189
idiotlb,92548,80,2038
idon2020,34253,75,2422
iehn,62421,100,974
ihadanny,86737,80,2008
ijnek,47265,75,2653
ijxsid,57850,75,2924
ikatanic,57460,100,870
ikbal,45672,75,2632
ikicic,43782,100,614
ilackthatsuperpower,8079,100,60
ilove2code,47574,75,2664
ilovekonoka,90006,100,1567
ilyzhin,59067,80,1901
imgauravdewan,78511,100,1346
impetus,61084,100,941
imv,44535,75,2612
indestinee,23310,75,2261
indy256,47040,75,2650
infin33,28958,75,2343
infiniterefactor,94123,80,2049
inksink,41094,75,2549
innocenat,60621,75,3004
inomasa,24969,100,292
insertsomethingwitty,50817,75,2748
instinctive,95521,100,1663
insulator,8244,75,2093
int13h,60965,75,3021
int9,26656,100,310
intijk,79559,80,1987
intramonk,33847,75,2420
intrepid,97897,100,1710
inutard,38227,100,497
iobaixas,82645,100,1438
ipa4lov,33219,75,2405
iriszero,92121,100,1603
irwan..ap,33758,100,427
is.un,73458,100,1231
isea,54880,75,2843
istaris,68190,80,1935
it3,61692,100,958
itzkow,48073,100,676
ivan.popelyshev,3337,100,7
ivan.vergiliev,92996,100,1617
ivancastel94,24365,75,2271
ivanilos,70463,100,1170
ivov,73376,100,1229
iwtwiioi,23486,75,2263
izrak,9796,100,82
j.e.,31025,75,2370
jabagawee.,21907,75,2227
jackchen92,80575,100,1388
jackhftang,14383,100,155
jackyliuxx,47981,100,674
jackyyf,40017,100,536
jacnarj1,95297,80,2057
jacquev6,49639,100,711
jaedong,30394,100,372
jakab922,76736,100,1308
janq,53456,100,784
jarsp,86973,100,1510
jasbir,40993,100,562
jasonkit,40011,75,2528
jasonvictoryan,53903,80,1882
javra,13647,100,143
jaymanmsu,10290,75,2105
jbaldus,11866,100,108
jbryan,72333,100,1212
jchen314,5075,100,25
jcvb,12092,100,112
jdemeyer,42412,100,586
jdoerrie,52819,75,2794
jean.mavi,62482,100,978
jefaisdelordinateur,90495,100,1573
jeroenvw,55975,100,839
jerry73204,70694,85,1761
jerryhanjt,56788,75,2900
jerrymao,10767,75,2109
jesusdt,99200,80,2067
jethro.yu,68478,100,1131
jfawkes,19933,75,2205
jfrohnhofen,42185,100,582
jgalaro,70722,85,1762
jgeralnik,60462,100,929
jiaqiyang,58024,100,878
jinhwanlazy,58621,75,2948
jinzhao,67866,100,1121
jk001,22267,75,2234
jkrempus,54666,100,808
jlfwong,69748,100,1153
jmazon,56817,100,851
jmfini,66264,90,1732
jmikkola,66748,100,1090
jmistix,90990,100,1590
jmzhao,7604,100,55
jo4,49033,100,696
joaog,74452,100,1263
johannesk,73820,100,1248
johnathan79717,26972,100,323
johnchen902,24408,100,287
johnclyde,26002,75,2294
johngs,3935,100,11
johnnyhibiki,45290,75,2623
jonathanasdf,8863,100,69
jonathanwoenardi,95618,100,1666
joneschung,59748,100,913
jonis,89682,80,2022
jonsung,37042,80,1833
jonyafek,78103,100,1337
joojis,57723,80,1896
jordan15game,58516,100,887
jpaulson,4939,75,2073
jpbarcia,88796,100,1544
jr5000,30188,80,1820
js1,22284,75,2235
jsannemo,53278,100,778
jsg1504,88846,100,1546
jsphkn,31424,100,386
jtcoder,15682,75,2159
jtnydv25,41334,75,2554
julian,95238,100,1655
justever86,43456,100,607
jvaill,35466,75,2445
jvilhena,10514,75,2108
jwg,59717,100,912
jwsiegel,18124,75,2185
jxlw2014,56690,75,2898
jxs,86675,100,1507
jxwuyi,21236,85,1749
jzj,28697,100,340
k1nval,54497,75,2834
ka.ya,46843,75,2646
kabell,43323,75,2590
kagamiz,31412,75,2376
kaizerwing,32399,75,2392
kalpjain,40533,75,2533
kameranis,90368,80,2027
kandarp,47754,75,2670
kangkang1990,87520,100,1519
kaori,90946,100,1587
karma822,55822,100,834
kavanpancholi,49329,80,1866
kawasaki,26967,100,322
kawatea,53519,100,785
kayrick,52854,75,2797
kcd,92917,80,2039
kchan8000,96791,100,1696
kcm1700,14434,100,157
kdalex,66733,100,1089
kefaa,50772,75,2747
kellymilla18,42671,100,592
kenkoooo,93709,100,1633
kenneth.maples,85403,100,1486
kenning9,63870,100,1012
kevin.ventullo,79568,100,1371
kevinhikari,38200,75,2491
kevinsogo,70012,100,1162
kevlee,54954,75,2845
kgwmath,64658,100,1033
khalman.m,91329,80,2033
khanji,48372,75,2685
khelman,56057,80,1888
khsoo01,46068,100,652
kiddie,48231,75,2683
kido,17560,75,2177
kik,40154,100,541
killer.z,25443,75,2286
killjee,17091,75,2171
kimamula,47313,75,2654
kimiyuki,26384,100,307
kimmy314,75829,100,1290
king1224,28152,75,2335
kinginthenorth,55737,75,2864
kingofdark,33604,75,2414
kingpig9,24889,100,289
kirill.golodnov,66060,100,1070
kirxcy,65881,80,1924
kiwijam,10908,100,95
kkondo.odnokk,91186,100,1591
klaasn,62116,100,967
klad2008,22484,75,2240
klasbj,55503,75,2855
klianc09,51429,100,743
klolos,19915,100,231
kmampent,58259,75,2941
kmisura,36892,100,480
kmjp,14581,100,162
kmod,26941,100,319
knightL,48831,100,692
kobebryant24,60860,75,3014
koczkatamas,9508,75,2102
konst.elenik,78816,100,1353
kopemon,57849,75,2923
koratel,63733,100,1006
kormyshov,46822,100,660
kostka,56276,75,2882
kostyaby,34548,75,2430
kotamanegi,56746,75,2899
koyahi,45490,75,2626
koyumeishi,69117,100,1137
kranthi.algo,60654,75,3006
kriii,43833,100,615
krijgertje,84115,100,1459
krismaz,60310,100,924
krispykangaroo,38798,100,513
kroton,69492,100,1149
krzysobusiak,82370,100,1434
kshchepanovskyi,68663,100,1134
ksun48,52471,100,761
ktesar,56509,100,846
kto0613,25239,100,297
kuba97531,88249,85,1767
kunal.nikam,54580,75,2836
kunal93,37105,75,2475
kurena,59272,75,2969
kuritzky,34921,100,441
kusano,70912,92,1720
kyc,3424,75,2069
kyuridenamida,6358,75,2080
l521530,18055,100,213
lackofcheese,89439,100,1556
ladochu,52090,75,2780
ladpro98,13976,75,2142
lahavane,96587,100,1690
laloutredemeraimeleshuitres,82320,100,1432
laminar,68205,100,1126
lapi5,57730,75,2920
lastonephy,23050,75,2252
laurentr,15716,75,2160
lazsil,45456,75,2625
lbj,9711,100,80
lby,32728,75,2398
lcch,43478,100,609
lebegio,74896,100,1276
lecaribou,25743,80,1813
leek,55395,75,2853
leeyimin,74679,80,1964
lentmiien,36391,75,2462
leocp1,37127,100,485
letsRock,33432,75,2412
lety,40820,75,2543
levp,90093,80,2023
lexuanan,46866,100,661
lezebulon,12421,75,2124
lhinact,67343,100,1109
liangjiaxing,88614,100,1539
liao772002,59636,75,2981
liar,49274,80,1865
libragold,25041,100,293
lichenkoh,9476,100,78
lidinglong,24705,75,2276
lifeich0,62641,100,980
lihebi,15020,75,2152
limed,15032,100,169
limki,82388,100,1435
linacurious,87737,100,1525
lingchunkai,62434,100,975
liniku,12800,100,125
linside,49897,75,2728
linyuzhou,70264,100,1167
liorin,90651,100,1577
liouzhou101,27431,75,2326
littlefriend,31648,100,392
liuq901,27289,75,2323
liutianren,9097,100,71
liymouse,13164,100,131
lkj,50689,100,730
lkmtue,46081,80,1853
lks,90468,100,1572
lmz,32472,100,406
lnsuyn,72706,80,1959
lodborg,55574,100,829
logan12358,91815,92,1724
loick.michard,68019,100,1124
lostinlogfile,34494,75,2427
lostleaf,27215,75,2322
lovekd,52188,75,2782
lovely00,62964,80,1912
loyolmon,87528,85,1766
lpetru,42685,100,594
lqybzx,33940,75,2421
lrgar,15167,75,2156
lrschaeffer,21870,100,253
lshmouse,32979,100,415
lsmll,31063,100,383
ltaravilse,76207,100,1295
lu.anthony,11988,80,1782
luca.wehrstedt,16477,80,1793
lucasmelo,56306,100,843
lucasr,22525,100,262
ludopulles,90733,80,2030
lulalachen,41268,75,2552
lulu2184,18874,75,2192
luras,19349,75,2198
lwc,69801,100,1156
lwchkg,12276,100,115
lwk,91875,100,1598
lxk,65591,100,1057
lyd,73093,100,1224
lyoz,7928,100,57
lyr,54948,75,2844
lysa0,45517,75,2628
lysine,51306,100,740
lyxia,10437,75,2106
m.camac,25059,75,2282
m.radwan,80534,100,1387
m.raszyk,33736,100,426
m.x.m,13365,75,2135
m.zhao,9505,75,2101
m11121,7841,75,2090
m7mdbadawy,17857,75,2183
mHuman,42754,100,597
mIllIbyte,44046,80,1848
macieck9,45809,100,649
macks,76762,100,1310
macmak,95427,100,1661
maddoctor1,62044,100,964
madhatter13,40913,75,2545
madokamylove,25484,75,2287
magao21,31367,75,2375
magicznymichal,94302,80,2051
magrady,73482,100,1233
mahmud2690,49803,75,2725
majk,82896,80,1991
makieu,40201,100,544
malcolmjg,85408,100,1487
malisper,32892,80,1825
mame,11628,100,105
mamekin,95926,100,1671
maojm,22715,100,265
maopao,44097,100,620
marcoskwkm,12069,100,111
marcusschorow,96449,100,1686
marcv81,30027,75,2358
mario.lipovsky,60441,100,928
marioac,94001,100,1637
maritoun,21870,75,2225
mark03,63463,100,999
mark5434,30176,75,2360
markchen90,78394,100,1343
maroon,31570,75,2381
marting,41046,75,2547
martins,22920,75,2248
marton.antoni,61825,100,960
masonsbro,89338,100,1554
mastan,90586,80,2029
mateusz95,66365,100,1078
math10,40344,75,2531
math4tots,40144,100,540
matheusataidee,84590,100,1466
matheuscarius,79668,100,1373
mathieu.iko,85868,100,1492
matiash,26560,75,2309
matthew.schallenkamp,10404,92,1712
matthew99,14449,100,158
mattpk,81833,100,1417
mattz,15558,100,176
mavd09,20000,75,2207
mavr,92175,100,1604
maxicampo,71361,100,1188
maxitg,11450,100,101
mayf3,48926,100,694
mayoko,16546,75,2168
mazaspucesfans,51221,100,739
mbar,96151,100,1678
mbrc,43283,100,605
mcouplet,47232,75,2652
mcprobie7,51104,75,2755
mcsharma1990,23210,75,2257
mcyalcin,58573,100,889
md91829,58074,75,2932
mdrm,30293,100,369
mediocrates,60354,100,926
megaterik,58018,75,2930
meir,49871,75,2727
mektpoy,32693,75,2396
mender,72925,92,1722
mengsung,17202,75,2174
meobeo,56006,75,2872
meowmeow,26684,75,2312
meret,92196,100,1605
meta,36966,75,2473
metakirby5,88010,100,1531
metishams,22211,100,255
mfranzs,65187,100,1047
mfrodl,91930,100,1599
mfv,53185,100,774
mfy0120,28919,75,2342
mgalushka,72134,100,1206
mgch,34325,75,2424
mgv,62397,100,973
mhborkowski,80281,100,1381
mhorst,56927,100,856
miau,95046,100,1649
micah.stairs,56528,75,2895
michael.egorov,96721,100,1694
michaf,93515,100,1630
michu,84954,100,1476
microtony,55020,100,812
miero,63994,100,1015
mightyvoice,20645,75,2215
miguelb,43955,75,2601
miguelmaurizio,12625,100,121
mihai.calancea,41445,75,2556
mihaild,45301,100,641
miki.gergely,6131,75,2077
mimo31,81861,100,1420
mingcl,84087,100,1458
mingqifs,50612,100,729
minh141198,31610,100,391
minsu,57320,100,861
minus9d,60522,100,933
mips88,73905,100,1252
mirakle,89527,100,1559
mironec,12493,75,2126
misof,58310,100,882
mitsaras,29725,80,1817
mjormotor,97154,80,2065
mk.al13n,59769,100,914
mk2,54497,90,1729
mkdong,25654,80,1812
mkirsche,14836,100,166
mkn,28521,80,1815
mkoijn,95024,80,2055
mliz,53608,75,2818
mmicoski,63986,100,1014
mnessirio,60801,100,937
mniip,6119,80,1773
mntruell,59261,75,2967
mohitbhura,60770,75,3010
mol,60573,80,1908
monad,52930,75,2801
monyone,26324,75,2303
moon5ckq,17010,100,194
moondrop,75481,100,1286
moranski,49362,100,702
mosa1991,48160,75,2680
moskvanaft,83357,100,1449
mpt2,69822,100,1157
mr.banana,56282,75,2883
mraggi,14978,100,168
mrauen,6421,100,40
mroschke,68914,100,1135
mrthink,39764,100,532
msg555,87114,100,1512
mskiba,40891,75,2544
mskyt,14148,100,152
msohcw,51718,100,748
mth,21728,100,251
music960633,50779,100,731
musicman3320,65599,100,1059
mvdnes,50570,100,727
mycodef,60858,100,939
mynameisverylong,96090,85,1769
myselfrishabh,56535,100,849
mystic,4323,100,16
myutman,38492,100,505
mzhq,52420,100,760
nadoo,32915,100,413
nakari1124,57239,75,2907
namonakiacc,41678,75,2562
nano.shangguan,43728,75,2596
nao12,35950,100,465
naoya.t,31408,100,385
narri,96150,100,1677
naruaway,54275,100,800
nasadigital,85980,100,1495
nathanajah,4080,100,13
natpat,93681,100,1631
natsukagami,11545,75,2115
natufunu,62848,85,1758
nausicaa,61136,100,944
ncfxy,33734,100,425
neXyon,94907,100,1645
nedchu,43219,100,603
nedp,51911,75,2776
nendow,69603,100,1152
nevergum,62718,100,983
newbility,15213,80,1790
newtonis,57559,80,1895
nhatminh2947,72091,100,1204
nheir,13325,100,136
nhirokinet,57845,100,874
nhn,34967,75,2436
nhnpro,39188,75,2509
nhtdev,49989,80,1869
nick993,79842,100,1375
nickie,78919,100,1360
niconiconi,56492,75,2894
nielsb,72073,100,1202
nightfury1204,60205,100,921
nigus,58071,80,1897
nik239,87349,100,1515
nike0good,49753,80,1868
nikhil96sher,43640,100,612
nikolas.a,86248,100,1498
nikoseven,61232,100,946
nikouni,96567,100,1689
nip,96116,100,1676
niquefa.diego,19194,100,227
nitegazer2003,37137,100,486
nitish6174,46662,75,2643
nitrogenc,49050,75,2701
njy,34217,100,432
noamher,64352,100,1027
nobe0716,35884,100,463
nobik,48388,100,684
nogi,25933,75,2293
noio,76092,100,1294
nonZero,70043,100,1163
noname512,38876,75,2505
nonomen,64290,80,1917
nonreviad,95801,80,2060
normit,35045,100,444
noryb009,16195,100,183
nostalin,57904,75,2925
not2knight,79795,80,1988
notEphim,82591,100,1437
notetake,26849,100,314
notnamed,8147,100,61
novak,17237,75,2175
npip99,95164,100,1653
nptai95,95413,100,1659
npxquynh,58964,75,2957
nrj.86,76094,80,1968
ntopia......,73654,80,1960
nuffer,80909,90,1737
nuip,59702,100,911
nullstellensatz,28880,80,1816
nwalton,26965,100,321
nwin,33115,100,419
nxphuc,25735,75,2290
nybble16,66376,100,1079
nyroro,38266,75,2493
nzinov,41934,100,573
o.O,50822,100,732
obirider,42682,75,2582
ocean1992,52858,75,2798
ody42,66895,100,1098
okaduki,42135,100,580
okostya,30820,100,379
olafm,8283,100,64
olage,49357,100,701
olalia,40397,100,548
oldcatfish,24971,75,2281
oleksii,93853,80,2045
olen,90113,80,2024
olpetOdessaONU,45243,100,639
olydis,41554,100,568
omeometo,17651,100,207
ondivate,78086,100,1336
onigirionigiri,54438,100,803
oonishi,44382,100,625
ooyyloo,38699,80,1839
ora.dll,33583,100,423
ordan,15524,75,2158
ordcoder,30772,100,378
orenash,64468,100,1029
orenguy,40715,100,555
orivej,96212,100,1680
osamamohamed,80898,100,1396
osdajigu,24705,75,2276
osmanorhan,53315,100,780
osoken,79548,100,1370
otan,44366,100,624
otazami,17697,100,208
ozan,44206,75,2608
p.oon,64157,100,1021
p5ic05i5,61446,100,948
p91paul,49366,75,2711
pablobce,70142,100,1164
packwolf,51987,80,1877
pacu,5209,75,2074
pahan,26542,100,309
paimon,85554,100,1490
palys,53274,75,2804
palzle,15147,75,2155
panaro32,65051,80,1922
pandamonium,16449,100,186
papp.pal.andras,63743,100,1007
parasgupta2310,57351,100,863
partizan,55405,100,823
pashka,38719,100,511
pasin30055,29097,100,351
passs,65241,100,1049
patcho168,76260,100,1296
patrickguo,30854,100,380
patrickk,50241,75,2736
patrikf,51078,100,735
paulfornia,84286,80,1996
paulliu,35833,100,461
pavelz,79895,100,1376
pebl,45430,100,644
pedrosorio,85008,100,1478
peekaboo,14058,75,2143
peijinz,18695,100,219
pekempey,29871,100,362
pengfeibill,22714,75,2244
penguin2,15808,75,2161
permin,79599,100,1372
peso,79132,100,1362
peterderivaz,43907,100,618
petuhovskiy,78039,100,1335
pexeer,49173,75,2704
pflueger,14561,100,160
phidnight,59154,80,1903
phirasit,12111,100,113
phire,76761,100,1309
phobbs,93740,100,1634
pichulia,23182,100,270
pijusn,20596,100,239
pilagod,40348,75,2532
pinkplus,27124,100,326
pinpin,54078,80,1883
pintoo560,48215,75,2681
piob,37987,75,2487
piotrsmu,19646,100,229
pivizz,80138,100,1379
piyawatl,16716,100,190
pkay1947,32218,75,2388
pkwv,33464,80,1827
plamenko,53535,100,786
pleasurepain,24457,75,2274
plopik,40727,75,2540
pmnox,73065,100,1223
poerty,28461,80,1814
poh,71969,100,1200
polarisunique,26652,75,2311
polingy,45424,80,1850
polmauri,72500,100,1213
polyneikez,53369,100,782
popcorny,37425,75,2483
powerset,81279,100,1403
ppalasek,53879,75,2826
pps789,34466,100,437
ppsreejith,17686,75,2180
prabowo,19888,100,230
prakhar.gupta,58770,75,2952
pranjalsharma,58269,75,2943
pranjalv123,36465,100,474
primenumber,65335,100,1054
proscriptus,23943,100,282
protino,66246,100,1076
prumnopitys,87338,80,2011
pruthvianvesh,95046,80,2056
psir,43695,80,1846
pudae,58968,75,2958
pulgares,29653,100,359
pulkitsinghal,37703,75,2486
purpleslz,32149,75,2386
pwild,50470,100,725
pwliao,46854,75,2647
pwypeanut,21591,100,249
pyos,46879,100,663
qazokm,74580,100,1269
qazwsxedcrfvtg14,59542,100,909
qiaoz,78539,100,1348
qidiot,93756,80,2044
qnighy,57364,100,864
qompute,97711,100,1707
quangbx,31914,75,2384
quansiji9,74061,100,1257
quantstrafe,84403,80,1997
quasisphere,50567,100,726
qwaker.00,66568,92,1719
qwertier,20666,100,241
qwerty787788,4702,100,21
qwertyk,63727,100,1005
qxect,36760,75,2469
r00T,72648,80,1958
rabbitTR,76722,100,1307
rabot,50590,100,728
radeye,67482,100,1112
radsilver,28715,100,341
rafaeldaigo,7093,100,46
raggzy,13923,75,2141
rais.fathin38,51522,100,744
rajat1603,55096,100,816
rajats123,72332,80,1955
ramzai,36339,75,2461
ranaldmiao,52481,100,762
rand6,78846,100,1355
rantd,51823,80,1876
ravipra,54621,75,2838
rayline97,52223,75,2784
rchardx,56478,100,845
recycle,72241,100,1211
rekt.n00b,43830,75,2599
relinquim,60807,75,3011
renault,48663,75,2694
returning,71143,90,1734
reus,35778,75,2449
reydentx,31491,75,2378
rian,60809,75,3013
ricbit,91285,100,1592
rickytheta,27649,75,2331
rishicomplex,78517,100,1347
rjjfdn,32150,75,2387
rkleberhoff,54762,100,810
rlanday,29415,100,355
rlara,83712,100,1456
rmiyao,70314,100,1169
rmumi,62990,100,991
rn4ru,59190,75,2965
rng..58,73688,100,1238
robbertvs,40196,100,543
robertking,14807,100,165
robertv,47907,75,2674
robinyu,47749,75,2669
robostac,47857,75,2671
robymus,28103,100,335
rodrigo.zhou,19425,75,2199
rofi,76590,100,1305
rokulo,59485,100,906
rol,66397,80,1925
romanandreev,58103,100,881
romd,69274,100,1144
rompel,14073,100,149
romwell32,30595,100,375
ronalchn,42024,100,576
root8950,47867,100,673
rotemtzaban,62731,100,985
rotoZOOM,84665,100,1468
rotsor,62671,100,982
rowdark,5461,100,28
roy999,39189,100,523
royf,4361,100,17
rray,88857,80,2019
rsalesc,20378,75,2212
rsola,57241,75,2908
rst76,65918,100,1064
ruclion,61608,100,956
rutger.moons,57949,75,2928
rutsky,93877,100,1636
rversteegen,96768,100,1695
rvvslv,62283,80,1911
rwali,59535,75,2977
rycus86,53717,75,2822
s19971120mark,64484,100,1031
s1mplex,56092,75,2877
sLeviN,76053,100,1293
sachinr20,39972,75,2527
safarisoul,18664,75,2189
sagorika1996,45670,75,2631
sai11,87759,100,1527
sajninredoc,18378,100,215
sakulasd,41519,75,2559
salgorithm,43689,75,2595
samj1912,46995,75,2649
samsam2310,82463,80,1990
samurdhilbk,71923,100,1197
sancho,29479,75,2352
sandeva,88793,100,1542
sandun,40078,100,537
saran.t,56897,100,854
sarneaud,32760,100,409
satashun,53559,75,2815
satos,59490,100,907
satyaki3794,39417,75,2514
satyam.pandey,92118,100,1602
satyamshekhar,37237,75,2480
savinov,7327,100,51
sayeedt,83972,80,1995
sayuan,38873,100,514
sazas,85272,100,1483
sblom.,70782,100,1179
sbnet21,27648,75,2330
scopeInfinity,21330,75,2221
scott..,48423,75,2688
sdchikorde,49347,75,2708
sdedalus,71927,100,1198
sdu8989,42862,75,2583
sduddikunta,14113,75,2145
sdya,22342,100,258
seanwentzel,3246,100,6
secondo.me,63216,85,1759
sekiye,91192,80,2031
semiexp.,10450,100,87
semion,85996,80,2005
sempav,57925,100,876
semptrion,21993,75,2230
sense,41590,75,2561
sergey.kozub2,53555,75,2814
sergeydyshko,43468,100,608
serialk,20754,75,2216
sessoh,62059,100,965
sevenkplus,5621,100,32
sfjm,30978,75,2368
sharat.ibrahimpur,87704,100,1523
sharno,23241,75,2259
shashank21j,43350,75,2591
shazeline,26129,75,2298
shenjiaqi,43080,100,600
sherifWaly,55516,75,2856
shik,56112,100,841
shimakaze,17220,100,200
shimps,59921,100,918
shindannin,42215,100,583
shiratty8,70521,100,1171
shishu94,50603,75,2742
shjj,29609,75,2353
shravanpatel5,38914,75,2506
shreeshaprabhu,49932,100,713
shubham1694,70177,100,1165
shubhamjha3003,67433,80,1931
shubo,62777,100,988
shurik111333,96217,100,1681
shyam23vinay,82031,100,1423
shzhtly,44548,100,629
siawasesun,50941,75,2751
sick821028,31534,100,389
sidhant,59015,75,2961
sidzekrom,94656,80,2054
sigma425,32774,100,410
silverauto,47745,75,2668
simonlindholm,40808,100,559
sin.cos.tan,54312,75,2830
sinbronjames,13491,75,2137
sinen,19221,75,2195
singleheart,55069,100,814
sixTimes9Mod7,77568,80,1976
skavurskaa,29247,75,2348
skdudn321,43917,80,1847
skol,54436,75,2833
skpenn,18881,100,223
skrydg,59036,100,900
skycl0wn,21069,75,2218
skyfire,60519,100,932
skynet,71077,100,1184
skyvn97,40403,80,1843
sleepingfire,28949,100,346
sleirsgoevy,46734,75,2645
slex,38234,100,498
slycelote,70830,100,1180
slycer,39658,75,2518
smallmonk,88113,80,2014
smartdumpling,87866,100,1528
smilechenxing,54330,75,2832
smurty,81817,100,1416
snake13,56215,75,2879
snaury,17386,100,202
snizovtsev,87080,100,1511
snowbear,40633,100,553
soerend,68904,80,1938
softhit,29304,75,2349
sogard,58212,75,2938
sokian,32431,75,2394
songman,58039,75,2931
sonph,45643,75,2630
sourcedark,39389,100,526
souvikkrm,31022,75,2369
sowhatim,79021,80,1983
sparik,57268,75,2909
spartacus201,51324,75,2759
spentplaying,25551,100,300
spnautilus,92462,100,1609
spura,58671,100,892
square7,16527,100,187
squark,57291,100,860
srikanth,58871,75,2955
srinidhidodo,56122,75,2878
ssc1,90875,100,1584
ssdh233,36197,100,468
ssulbbang,53749,75,2823
ssvb,41458,75,2557
stan,78364,100,1341
stanislas,24413,100,288
stanislav,11078,75,2112
starrify,42461,100,588
startega,51159,100,737
stefan,79330,100,1366
steiner,79996,100,1377
stetsyk,49598,75,2720
stevek,18864,100,222
stevenhao,16897,100,192
sticktothebasic,96260,100,1682
stolis,32926,100,414
stormageddon,80449,100,1385
subdir,91408,100,1595
sudilos,69531,100,1150
sugim48,49991,100,717
suiyuan2009,32387,80,1824
sukunrt,77361,80,1975
sulan,81697,100,1412
sunnn,37227,75,2479
sunny.chung,52623,100,764
sunset,22200,75,2233
supasaya,23149,75,2253
superfish,20002,100,232
superjeffreyc,58443,75,2945
supremeedible,20504,75,2214
sur.kg,67920,100,1123
surprise.me,90858,100,1583
suwei.air,61061,80,1909
suwik,94560,80,2052
svv,91350,100,1593
swiper,16003,100,181
swmuron,30412,75,2361
sxc,46215,100,654
sy2006,44808,100,633
sydsyd,18747,100,221
szMate,69947,100,1160
szczepi,57990,75,2929
szd,45686,100,647
szilard,59857,100,915
t.one,67030,100,1101
t3cmax,26979,75,2319
t93,46367,100,656
tEJtM,33538,100,422
tafit3,45263,100,640
takamoto,66846,100,1093
takotakot,97169,100,1701
tama.eguchi,40424,100,549
tana,14366,100,153
tanakh,89517,100,1557
tangltom,44969,100,635
tanphatls987,55323,100,821
tanriol,39970,100,534
tansoncity,54643,100,806
tantian,33493,75,2413
tasmeemreza,51876,75,2775
tatuyan,49584,75,2718
tchakkazulu,10697,100,90
tcliu,48681,75,2695
tcooke,9189,100,74
tczajka,21068,100,243
tdang33,41933,75,2568
teacup123123,36182,75,2456
teen,38433,75,2497
teleport,38385,100,500
tenderestfawn,38447,100,503
terashi,72159,100,1209
teveillan,61525,80,1910
tfliao,22799,75,2247
tgehr,38709,100,510
thav,17079,100,197
theFreightTrain,16824,80,1795
theanht1,60233,75,2995
thecy18,17104,100,199
theed,89789,100,1562
thefacetakt,80816,85,1764
thefourseasons,14377,100,154
thelife,97330,100,1703
theme,40558,100,551
themikemikovi4,66243,100,1075
theshubhamgoel,38456,75,2498
thinfaifai,61394,100,947
thocevar,55598,75,2859
thomasahle,60501,100,931
thrawn,60557,75,3002
threepipes,31585,100,390
thume,10905,75,2110
thunderbird,33163,75,2404
thundercracker,73744,100,1243
tigolina,95874,100,1668
tigranh,52546,80,1878
timics23,14046,100,148
tiprof,50645,75,2743
tjdrn,20235,75,2210
tjuby,46032,100,651
tkociumaka,34698,100,439
tkzc,55267,75,2850
tlawrence85,51314,100,741
tmanohar02,47497,75,2660
tmt514,29985,100,367
tmv,18734,100,220
tnin.available,51026,75,2754
toaDime,20174,75,2209
tobywashere,52659,75,2793
togatoga,46010,75,2636
tokoharu.,61446,100,948
tomascg,26348,75,2304
tomconerly,9297,100,77
tomerun,63783,100,1009
tomerv,55562,100,827
tomlau,23517,75,2264
tommek,44233,75,2610
tomsmeding,51730,75,2770
tomtseng,13091,100,130
tongcharlie,46615,100,659
tongcx,26958,100,320
tonyk,60682,100,935
tonyr,37675,75,2485
tonyxty,19230,75,2196
torfe,47261,100,668
tos.lunar,50194,100,722
totoro97,60299,100,923
tozangezan,20372,85,1748
tpablo,52378,100,759
tpcstld,6532,75,2084
tpeti,33016,100,418
tphow,30851,75,2367
tqbfjotld,44902,75,2620
trainsick,82697,100,1441
trashcansaretasty,13388,100,140
travm12,66438,100,1081
trevoran,20913,75,2217
trg,96617,100,1692
trold,38577,100,508
trort,65992,100,1066
truckski,32446,100,405
trumanizer,90056,100,1568
tsholmes,19130,80,1801
tsukuno,18536,100,218
ttauruss,39662,75,2519
tudor.tiplea,74790,100,1272
tumdum,54327,75,2831
tyamgin,58927,75,2956
tzupengwang,29886,80,1819
udigoR,88331,100,1536
ufo,49458,100,706
ukikagi,63805,100,1011
ulrikdem,79091,80,1984
unknown.error,85466,100,1488
upgrade,36896,100,481
urupica,61616,100,957
usaxena95,57236,75,2906
user32,43772,75,2597
userresu,59274,75,2970
ush,64399,100,1028
ustimaw,34487,100,438
utkarshkukreti2,61122,75,3027
uwi,33291,100,420
v.haralampiev,65012,100,1041
v.thiago,58524,75,2946
valich,74773,90,1735
valkyrie,65982,85,1760
vanyarubin,47398,100,669
varkor,52111,100,757
varung97,60337,100,925
vasalf,54717,100,809
vator,44181,75,2607
vaxyzek,21488,75,2222
vdeksel,71177,100,1187
veluca,85720,80,2003
venkat82,35627,100,453
vepifanov,40739,100,557
vexorian,73796,100,1246
vibhorgoel,9252,100,76
vici,65262,100,1050
victor77,59780,75,2985
victorb,81161,100,1399
victoreis,71965,100,1199
victorlly,31771,80,1822
vincent.belrose,42270,75,2576
vineet.paliwal,35705,75,2448
vinitgandhi007,57753,75,2921
vivekn94,49748,75,2724
vladimir.shilin,79743,100,1374
vladklyachin,53222,100,776
vlecomte,4703,100,22
vmohit,86161,100,1497
vntshh,55969,75,2871
voidcoder,35425,75,2443
voidmax,60963,75,3020
voidpigeon,89320,100,1553
voover,35571,100,452
vor,93317,100,1625
vovanhuy22000,9860,100,83
vqnhat,53828,75,2825
vrk001,88195,100,1534
vsavla,44384,75,2611
vshilov,31532,100,388
vtlinh,41955,75,2569
vttgato,39772,75,2521
vtyw,48161,80,1860
vvneagleone,91415,80,2034
vvvvalvalval,59484,100,905
vxgmichel,72597,100,1215
vyacheslav.alipov,77748,100,1329
wabe,11112,100,96
wafrelka,37020,85,1752
waitingkuo0527,56087,75,2876
waltz,9135,100,73
wangsh,55800,100,833
wangyisong1996,3906,80,1770
watashi,29933,100,365
watcharin,37092,75,2474
waterfalls,7118,100,47
watermaximillion,30743,75,2365
waterside,28987,100,349
wcwswswws,14645,75,2149
weirdNox,57706,75,2919
weiszago,43103,75,2586
welle,81605,100,1409
wengsht,23429,80,1809
wfe2016,36698,92,1717
whan,29158,100,353
white2302,5694,75,2075
whoami,58977,100,899
whyando,57060,100,858
wildware,58125,75,2933
wilwell,55850,75,2868
windhunter2.3.1,15198,100,171
windie,19029,75,2194
winev52,39778,75,2522
wingemerald,69181,100,1141
winger,4853,100,23
wishlin,22399,75,2237
wistful,23229,75,2258
wo...,11637,100,106
wodesuck,54651,100,807
wooda,53365,75,2808
wooshmi,49177,75,2705
wooyaggo,89811,100,1563
wrbuaa2005,72579,80,1957
wrecker,76967,100,1315
wsowa,60886,75,3018
wuzhengkai,44176,85,1756
wwiiiii,60090,80,1905
wwt15,10783,100,92
wwwwodddd,47780,80,1859
wx2486,35922,100,464
wzkim,44683,100,632
x.bryanc,4711,80,1772
xJakub,15304,100,173
xXxXcCcC,58173,75,2935
xcwgf666,81858,100,1419
xeina,17684,75,2179
xenosoz.here,90002,100,1566
xfause,39395,75,2513
xiaomengxian,8211,80,1777
xiaowuc1,2953,100,3
xidui,53712,75,2821
xiexiangyi0,23602,75,2265
xingfeng,58887,80,1900
xinyang,40142,75,2529
xithan,82197,100,1428
xitology,85229,100,1482
xjcl,63455,100,998
xllend3,43884,75,2600
xman1024,80708,100,1391
xorfire,45091,75,2621
xoxie,62843,100,989
xqxqxq,78119,85,1763
xrisk0,47547,75,2663
xsot,37240,75,2481
xtof.durr,52703,100,768
xu3kev,54024,100,796
xuhaike,17433,80,1797
xulusko,88869,100,1547
xxabzcvbxacz,15331,100,174
xykhl,97073,80,2064
xylo,50166,100,719
xyz111,2991,100,4
xyz600,96458,80,2061
y0105w49,25050,100,295
yaegashi,59300,75,2971
yaffer,24090,75,2269
yairchu,87923,100,1530
yamaton,58669,100,891
yancouto,59825,75,2986
yangff,35812,100,460
yangjay,13976,100,145
yaniv1989,72110,80,1954
yao11617,81593,100,1408
yaoch,97524,100,1705
yaoling1997,29320,100,354
yaoshimax,26863,100,315
yaoshun,12779,100,124
yaray,45934,75,2635
yaxum,32700,100,408
yemelitc,54502,75,2835
yenizelanda,44154,100,622
yerfdog,23643,75,2266
yeskas,91490,100,1596
yesnot,41077,75,2548
yevshin,36630,75,2466
yingted,6384,80,1774
ykabaran,42864,75,2584
ylc1218,31730,100,393
yllan,45376,100,642
ymgve,19245,75,2197
ynasu,42669,100,591
yo35,73446,100,1230
yodabo,79135,100,1363
yosupot,9677,100,79
youknowone,39410,100,527
younis,95988,100,1673
yoursunny,60203,80,1906
ypaik,42409,100,585
yplusplus,76811,80,1971
ysbae,18337,90,1726
yshuiv7,18874,80,1800
ysyshtc,32482,100,407
yuan.li08,70279,100,1168
yubowenok,77397,100,1322
yue12392,46275,75,2639
yukariko,46309,75,2640
yuki.shinohara,66970,100,1100
yukihana0416,48037,100,675
yum,95881,100,1669
yumou,65311,80,1923
yunmeow,25274,75,2284
yunoac,17175,75,2173
yurp,44544,100,628
yutaka1999,39081,100,521
yuxiaobhcs,43877,100,617
yuxuelu9,13349,100,137
yuzmukhametov,34832,75,2432
yzq986,50933,75,2750
yzyz,12006,100,110
zAlbee,94581,80,2053
zajac,5461,100,28
zapped,29409,75,2351
zarandy,35636,100,454
zarhane,17045,75,2170
zaskar,14602,80,1787
zay1e,57361,75,2913
zcd1234,57432,100,868
zearom32,33385,75,2411
zef,30729,75,2364
zerokugi,54244,100,798
zetamoo,47336,75,2655
zglicz,86795,85,1765
zhang00000,95249,100,1657
zhimeng,50702,75,2746
zholnin,10026,100,84
zhouxing.shi,28325,75,2337
zhouyuc1,11945,100,109
zhrq,35652,100,455
zhujiaye,42063,100,578
zhuny,22632,100,263
zhuohan123,50885,80,1873
zhuqiuxiuci,92718,100,1611
zhymaoiing,41825,75,2565
zizhazhu,90703,100,1579
zli,57933,100,877
zliu,28866,100,343
zlxtqbd,69140,100,1139
zmajdy,23010,75,2251
zmax,59005,75,2959
zolution,51755,75,2771
zoyanhui,93590,80,2043
zpc,42240,75,2574
zrz1996,64113,100,1019
zscloverinyo,28026,75,2332
zscoder,22037,100,254
zxqfl,19468,75,2200
zxybazh,35526,100,450
zxytim,57430,75,2915
zyhzyhzyh,56189,100,842
zylber,66421,100,1080
zyz915,55288,100,819
zzblack123,64000,100,1017
zzc0817,62585,100,979
